Name,Summary__c,Detail__c,Sentiment__c,Topic__c,Date__c,Follow_Up__c,Relevance_Score__c,Therapeutic_Area__c,Source_Type__c,Account__c
Early Intervention Insight 1,Interest in early use of Immunexis in undifferentiated arthritis,Dr. Morita expressed strong interest in using Immunexis for early intervention in patients with undifferentiated arthritis. He noted that current treatment options are limited and believes Immunexis could provide better outcomes if administered early in the disease course. He mentioned seeing positive results in similar patients with other biologics and is optimistic about Immunexis's potential.,Positive,Early Intervention Potential,2024-01-15,Schedule follow-up to discuss clinical trial participation,9,Rheumatology,Physician Meeting,001fio000001lY1AAI
Comparative Data Insight 1,Request for head-to-head comparison data with existing treatments,Dr. Morita specifically requested comparative efficacy data between Immunexis and current standard of care treatments like methotrexate and TNF inhibitors. He wants to see real-world evidence and clinical trial data showing superiority or non-inferiority. This information is crucial for his treatment decisions and patient discussions.,Neutral,Comparative Data,2024-01-20,Provide comparative analysis report,8,Rheumatology,Physician Meeting,001fio000001lY1AAI
Safety Profile Insight 1,Concerns about long-term safety profile,"Dr. Morita raised concerns about the long-term safety profile of Immunexis, particularly regarding infection risk and malignancy potential. He mentioned that his patient population includes elderly patients with comorbidities, making safety a top priority. He wants more data on safety in high-risk populations.",Negative,Safety Profile,2024-01-25,Provide safety data for elderly patients,7,Rheumatology,Physician Meeting,001fio000001lY1AAI
Early Intervention Insight 2,Abhinav also sees promise in early intervention,Dr. Sinha shares Dr. Morita's enthusiasm for early intervention strategies. He has been following the literature on early aggressive treatment and believes Immunexis could be particularly effective in the window of opportunity. He mentioned his experience with other early intervention approaches and sees Immunexis as potentially superior.,Positive,Early Intervention Potential,2024-01-18,Discuss early intervention protocols,9,Rheumatology,Physician Meeting,001fio000001lY0AAI
Comparative Data Insight 2,Need for real-world comparative evidence,"Dr. Sinha emphasized the importance of real-world evidence in comparative studies. He believes that clinical trial data, while valuable, doesn't always reflect real-world outcomes. He wants to see data from observational studies and registries comparing Immunexis to current treatments in actual practice settings.",Neutral,Comparative Data,2024-01-22,Share real-world evidence studies,8,Rheumatology,Physician Meeting,001fio000001lY0AAI
Real-World Evidence Insight 1,Strong advocate for real-world evidence,Dr. Sinha is a strong advocate for real-world evidence and believes it should be given equal weight to clinical trial data. He has published on this topic and believes that real-world outcomes often differ from trial results. He wants comprehensive real-world data for Immunexis before making treatment decisions.,Positive,Real-World Evidence,2024-01-28,Provide real-world evidence portfolio,9,Rheumatology,Physician Meeting,001fio000001lY0AAI
Efficacy in Refractory RA Insight 1,Interest in refractory RA population,Dr. Johnson has a large population of patients with refractory rheumatoid arthritis who have failed multiple treatments. He is particularly interested in Immunexis's efficacy in this challenging population. He mentioned that current options are limited and often have significant side effects.,Positive,Efficacy in Refractory RA,2024-01-16,Discuss refractory RA clinical trial,9,Rheumatology,Physician Meeting,001fio000001lY2AAI
Safety Profile Insight 2,Safety concerns in refractory patients,"Dr. Johnson expressed concerns about safety in his refractory RA population, who often have multiple comorbidities and are on multiple medications. He wants detailed safety data specific to this population and information about drug interactions with commonly used medications in refractory RA.",Negative,Safety Profile,2024-01-30,Provide safety data for refractory patients,8,Rheumatology,Physician Meeting,001fio000001lY2AAI
Cost Effectiveness Insight 1,Cost-effectiveness analysis needed,Dr. Johnson emphasized the importance of cost-effectiveness analysis for Immunexis. His institution has strict formulary requirements and needs to justify the cost of new treatments. He wants to see health economic data comparing Immunexis to current treatments in terms of cost per QALY.,Neutral,Cost Effectiveness,2024-02-01,Provide health economic analysis,7,Rheumatology,Physician Meeting,001fio000001lY2AAI
Early Intervention Insight 3,Early intervention specialist perspective,Dr. Chen specializes in early intervention strategies and sees great potential for Immunexis in this area. She has been involved in several early intervention studies and believes that the window of opportunity is crucial for preventing long-term damage. She wants to see data on structural outcomes in early RA.,Positive,Early Intervention Potential,2024-01-19,Discuss early intervention study design,9,Rheumatology,Physician Meeting,001fio000001lY0AAI
Real-World Evidence Insight 2,Real-world outcomes in early RA,Dr. Chen is particularly interested in real-world outcomes for Immunexis in early RA patients. She believes that early intervention studies often have strict inclusion criteria that don't reflect real-world practice. She wants to see data from broader patient populations treated in routine clinical practice.,Positive,Real-World Evidence,2024-01-26,Share real-world early RA data,8,Rheumatology,Physician Meeting,001fio000001lY0AAI
Patient Access Insight 1,Concerns about patient access and insurance coverage,"Dr. Chen expressed concerns about patient access to Immunexis, particularly regarding insurance coverage and prior authorization requirements. She mentioned that many of her patients struggle with access to expensive biologics and wants to understand the coverage landscape for Immunexis.",Negative,Patient Access,2024-02-03,Provide coverage and access information,6,Rheumatology,Physician Meeting,001fio000001lY0AAI
Efficacy in Refractory RA Insight 2,Refractory RA treatment experience,Dr. Rodriguez has extensive experience treating refractory RA patients and is interested in Immunexis's mechanism of action. He believes that the novel mechanism could be particularly effective in patients who have failed TNF inhibitors and other biologics. He wants to see data on response rates in multi-refractory patients.,Positive,Efficacy in Refractory RA,2024-01-24,Discuss refractory RA case studies,9,Rheumatology,Physician Meeting,001fio000001lY0AAI
Comparative Data Insight 3,Comparison with JAK inhibitors,"Dr. Rodriguez specifically wants to see comparative data between Immunexis and JAK inhibitors, particularly in refractory patients. He mentioned that JAK inhibitors have become popular in refractory RA but have safety concerns. He wants to understand if Immunexis offers advantages over JAK inhibitors.",Neutral,Comparative Data,2024-01-29,Provide JAK inhibitor comparison data,8,Rheumatology,Physician Meeting,001fio000001lY0AAI
Cost Effectiveness Insight 2,Cost comparison with JAK inhibitors,Dr. Rodriguez is also interested in cost comparisons between Immunexis and JAK inhibitors. He mentioned that JAK inhibitors are often more affordable than other biologics and wants to understand the cost positioning of Immunexis relative to JAK inhibitors and other treatment options.,Neutral,Cost Effectiveness,2024-02-05,Provide cost comparison analysis,7,Rheumatology,Physician Meeting,001fio000001lY0AAI
Safety Profile Insight 3,Safety comparison with current treatments,Dr. Williams is particularly concerned about safety comparisons between Immunexis and current treatments. She mentioned that her patients are often elderly with multiple comorbidities and she needs to be confident about the safety profile before prescribing. She wants detailed safety data compared to TNF inhibitors and JAK inhibitors.,Negative,Safety Profile,2024-01-27,Provide comprehensive safety comparison,9,Rheumatology,Physician Meeting,001fio000001lY0AAI
Patient Access Insight 2,Access challenges in rural practice,Dr. Williams practices in a rural area and has concerns about patient access to Immunexis. She mentioned that her patients often have limited insurance coverage and travel long distances for care. She wants to understand the logistics of administering Immunexis and whether it can be done in her rural clinic.,Negative,Patient Access,2024-02-07,Discuss rural access strategies,8,Rheumatology,Physician Meeting,001fio000001lY0AAI
Real-World Evidence Insight 3,Real-world data in diverse populations,"Dr. Williams emphasized the importance of real-world evidence in diverse populations, including rural patients and those with limited access to care. She believes that clinical trials often don't reflect the reality of practice in rural areas and wants to see real-world data from similar practice settings.",Positive,Real-World Evidence,2024-02-10,Share rural practice real-world data,7,Rheumatology,Physician Meeting,001fio000001lY0AAI